{"MSE": 2.4643111288096313, "_timestamp": 1686247453.9026332, "_runtime": 2.0677151679992676, "_step": 0, "_wandb": {"runtime": 1}}