{"MSE": 2.483707468534129, "_timestamp": 1686247464.3797228, "_runtime": 1.5058739185333252, "_step": 0, "_wandb": {"runtime": 1}}