{"MSE": 2.451135028799512, "_timestamp": 1686247480.1682558, "_runtime": 7.393317699432373, "_step": 0, "_wandb": {"runtime": 7}}