{"MSE": 2.4878370624028054, "_timestamp": 1686247442.7597604, "_runtime": 0.8173613548278809, "_step": 0, "_wandb": {"runtime": 0}}