{"MSE": 2.4854242471433925, "_timestamp": 1686247432.1508863, "_runtime": 1.1894721984863281, "_step": 0, "_wandb": {"runtime": 0}}