{"mean_squared_error": 2.453983836538874, "_timestamp": 1686246627.7348566, "_runtime": 8.340129613876343, "_step": 0, "_wandb": {"runtime": 810}}